workload,content_type,model,mrr,recall@1,recall@5,ndcg@5,ndcg@10
w1,abstracts,BAAI/bge-small-en-v1.5,0.4261142857142858,0.382,0.488,0.43726557760771956,0.45084883092860917
w1,abstracts,intfloat/e5-base-v2,0.5902436507936508,0.538,0.66,0.6047182199780484,0.6145552777666276
w1,abstracts,text-embedding-3-large,0.5575380952380952,0.504,0.628,0.5709373380571047,0.5849937552085309
w1,abstracts,text-embedding-3-small,0.5579293650793651,0.5,0.64,0.5756909650595162,0.5843547003549834
w2,abstracts,BAAI/bge-small-en-v1.5,0.6607261904761905,0.295,0.498,0.49837587765656216,0.5302573783015585
w2,abstracts,intfloat/e5-base-v2,0.6834492063492064,0.31,0.534,0.5346214798901262,0.5559985156496905
w2,abstracts,text-embedding-3-large,0.6966119047619047,0.313,0.558,0.5496515127295303,0.5757449584977807
w2,abstracts,text-embedding-3-small,0.7030341269841269,0.323,0.553,0.5528667920083538,0.5751862237651222
w3,abstracts,BAAI/bge-small-en-v1.5,0.6836896825396825,0.618,0.768,0.6987976604243522,0.7181477652462327
w3,abstracts,intfloat/e5-base-v2,0.6901896825396826,0.62,0.782,0.7082610391044835,0.7243750105378621
w3,abstracts,text-embedding-3-large,0.7347587301587302,0.672,0.816,0.7525879368965419,0.7615007197184641
w3,abstracts,text-embedding-3-small,0.7202126984126984,0.656,0.81,0.7388816943234351,0.7508630476280488
w1,pdf_chunks,BAAI/bge-small-en-v1.5,0.5351190476190476,0.4246861924686193,0.6882845188284519,0.5626551409305384,0.5962432389021018
w1,pdf_chunks,intfloat/e5-base-v2,0.6103199508534236,0.49581589958158995,0.7761506276150628,0.6449827137079616,0.6666875121549474
w1,pdf_chunks,text-embedding-3-large,0.52546490004649,0.37447698744769875,0.7489539748953975,0.5684058210993139,0.608013038944794
w1,pdf_chunks,text-embedding-3-small,0.5587085740851431,0.4246861924686193,0.7343096234309623,0.5920259198499394,0.6261053946962218
