database,workload,content_type,category,model,n_queries,n_chunks_ingested,mrr,recall@1,recall@5,ndcg@5,ndcg@10,mean_embedding_time_sec,mean_db_query_time_sec,mean_total_time_sec
mongodb,w1,abstracts,cs.AI,intfloat/e5-base-v2,50,7369,0.6186666666666667,0.58,0.66,0.6252371901428583,0.6381426304113765,0.06324466000001848,0.13684419199998046,0.20008885199999896
mongodb,w1,abstracts,cs.CL,intfloat/e5-base-v2,50,12418,0.6706666666666666,0.62,0.74,0.6882114364304074,0.6882114364304074,0.06756530199996633,0.012751200000038806,0.08031650200000513
mongodb,w1,abstracts,cs.CR,intfloat/e5-base-v2,50,1523,0.6942222222222222,0.64,0.8,0.7156754208998666,0.7288201645553066,0.062318632000024084,0.008995031999975254,0.07131366399999933
mongodb,w1,abstracts,cs.CV,intfloat/e5-base-v2,50,14163,0.59,0.52,0.68,0.6104743802857167,0.6175985240278771,0.06679190600000766,0.010432653999996546,0.0772245600000042
mongodb,w1,abstracts,cs.DB,intfloat/e5-base-v2,50,1532,0.6773809523809524,0.64,0.72,0.6838507213043262,0.6971840546376594,0.07376025399994432,0.008944059999957971,0.0827043139999023
mongodb,w1,abstracts,cs.DC,intfloat/e5-base-v2,50,1517,0.6433333333333333,0.6,0.7,0.6578557852142874,0.6578557852142874,0.0762018999999782,0.009477114000010261,0.08567901399998845
mongodb,w1,abstracts,cs.IR,intfloat/e5-base-v2,50,3076,0.4723333333333333,0.4,0.56,0.4920621577347336,0.4991863014768941,0.07645762600007401,0.010115345999984128,0.08657297200005815
mongodb,w1,abstracts,cs.LG,intfloat/e5-base-v2,50,10746,0.5845555555555555,0.54,0.66,0.601587777449017,0.6076083773622966,0.08297062200000255,0.010137718000014501,0.09310834000001705
mongodb,w1,abstracts,cs.NE,intfloat/e5-base-v2,50,1501,0.6423333333333333,0.58,0.74,0.6668249675918753,0.6668249675918753,0.08388385600004768,0.008561494000014136,0.09244535000006181
mongodb,w1,abstracts,cs.SE,intfloat/e5-base-v2,50,2281,0.6225555555555556,0.58,0.66,0.6226185950714291,0.6541632303246562,0.07292231200004608,0.008439691999992647,0.08136200400003872
mongodb,w1,pdf_chunks,cs.AI,intfloat/e5-base-v2,50,2060,0.5926349206349206,0.48,0.74,0.6211856827179566,0.6514561422638979,0.078187769999995,0.034243731999995364,0.11243150199999036
mongodb,w1,pdf_chunks,cs.CL,intfloat/e5-base-v2,50,1363,0.5863015873015873,0.48,0.76,0.6195261422041927,0.6511394489659368,0.06721267000002626,0.008038587999981245,0.07525125800000751
mongodb,w1,pdf_chunks,cs.CR,intfloat/e5-base-v2,50,1517,0.6296666666666667,0.52,0.84,0.6772631983488836,0.6901686386174017,0.07648675800000092,0.007105740000006335,0.08359249800000726
mongodb,w1,pdf_chunks,cs.CV,intfloat/e5-base-v2,50,1250,0.6348333333333332,0.48,0.82,0.6777737281633085,0.6912071694411835,0.07611638999997922,0.007167852000002313,0.08328424199998154
mongodb,w1,pdf_chunks,cs.DB,intfloat/e5-base-v2,50,1768,0.6867222222222221,0.62,0.76,0.6977014426086524,0.7229367803261647,0.07335271199995987,0.006997895999948014,0.08035060799990788
mongodb,w1,pdf_chunks,cs.DC,intfloat/e5-base-v2,50,1826,0.6335238095238096,0.5,0.84,0.6831399413619955,0.6898066080286621,0.06618155999998634,0.006435678000034386,0.07261723800002073
mongodb,w1,pdf_chunks,cs.IR,intfloat/e5-base-v2,50,1371,0.5659047619047619,0.46,0.7,0.5906756888962015,0.6177998326383619,0.07805227400002877,0.006549057999973229,0.084601332000002
mongodb,w1,pdf_chunks,cs.LG,intfloat/e5-base-v2,50,1937,0.579,0.48,0.74,0.6166706249862401,0.6237947687284006,0.08096298399999796,0.0064031639999757315,0.08736614799997369
mongodb,w1,pdf_chunks,cs.NE,intfloat/e5-base-v2,50,1668,0.5897142857142856,0.46,0.74,0.6211500691819181,0.6416075462574119,0.08497367199999645,0.0067294779999974704,0.0917031499999939
mongodb,w1,pdf_chunks,cs.SE,intfloat/e5-base-v2,49,1956,0.5431648850016196,0.40816326530612246,0.7755102040816326,0.5895644818067741,0.6231932103552913,0.0679410591837022,0.0058561653061458075,0.073797224489848
mongodb,w2,abstracts,cs.AI,text-embedding-3-small,50,7369,0.681190476190476,0.32,0.51,0.5194245818477797,0.5361170553446215,0.03594006799999988,0.15602212400001916,0.19196219200001913
mongodb,w2,abstracts,cs.CL,text-embedding-3-small,50,12418,0.7595555555555555,0.34,0.54,0.5556541688779949,0.5868624832694521,0.019886077999999544,0.02563962999997784,0.04552570799997737
mongodb,w2,abstracts,cs.CR,text-embedding-3-small,50,1523,0.7785238095238094,0.36,0.67,0.65266106698869,0.6691765263487777,0.02289228200000253,0.010811627999974007,0.03370390999997654
mongodb,w2,abstracts,cs.CV,text-embedding-3-small,50,14163,0.7565,0.36,0.54,0.5577461992350208,0.5741581719472688,0.01553795199999513,0.015916535999986083,0.03145448799998122
mongodb,w2,abstracts,cs.DB,text-embedding-3-small,50,1532,0.8795238095238095,0.41,0.75,0.7426357502818522,0.7632388575937096,0.015005389999996626,0.010207094000015786,0.02521248400001241
mongodb,w2,abstracts,cs.DC,text-embedding-3-small,50,1517,0.8045555555555555,0.38,0.72,0.6934383780691701,0.71177950548406,0.019581037999996623,0.009418897999967157,0.028999935999963772
mongodb,w2,abstracts,cs.IR,text-embedding-3-small,50,3076,0.634,0.3,0.44,0.4633912250226858,0.48355609257569454,0.015445568000004642,0.008658902000015588,0.02410447000002023
mongodb,w2,abstracts,cs.LG,text-embedding-3-small,50,10746,0.7208888888888889,0.34,0.55,0.5656288521711572,0.5923533845946664,0.01529081799999403,0.044646013999990825,0.059936831999984876
mongodb,w2,abstracts,cs.NE,text-embedding-3-small,50,1501,0.7461666666666668,0.35,0.53,0.5582044973066032,0.5871780540118524,0.019034873999999036,0.03741801400002259,0.05645288800002163
mongodb,w2,abstracts,cs.SE,text-embedding-3-small,50,2281,0.7407698412698411,0.34,0.67,0.6360175035718073,0.6674449378426889,0.015076057999995103,0.030626202000003103,0.04570225999999821
mongodb,w2,pdf_chunks,cs.AI,text-embedding-3-small,100,2060,0.4830476190476191,0.17,0.4,0.35508828397112113,0.4000162984672708,0.0091818209999974,0.029396210999980212,0.03857803199997762
mongodb,w2,pdf_chunks,cs.CL,text-embedding-3-small,100,1363,0.5332698412698412,0.2,0.45,0.3971144766668067,0.44869066310183375,0.009473970999997614,0.007788248000001659,0.01726221899999927
mongodb,w2,pdf_chunks,cs.CR,text-embedding-3-small,50,1517,0.2970238095238095,0.11,0.22,0.21102733470324672,0.24341190455949377,0.014900455999995758,0.00817145799998798,0.023071913999983734
mongodb,w2,pdf_chunks,cs.CV,text-embedding-3-small,50,1250,0.3281825396825397,0.13,0.24,0.22528103380905093,0.2730480491126667,0.015301927999998952,0.008697219999976368,0.02399914799997532
mongodb,w2,pdf_chunks,cs.DB,text-embedding-3-small,50,1768,0.27923809523809523,0.08,0.25,0.20428565618380343,0.2372854799356531,0.015321231999996599,0.0073222039999836855,0.02264343599998029
mongodb,w2,pdf_chunks,cs.DC,text-embedding-3-small,50,1826,0.20933333333333334,0.08,0.15,0.14284750509785926,0.16318825097822143,0.015104304000005866,0.006384977999960029,0.021489281999965897
mongodb,w2,pdf_chunks,cs.IR,text-embedding-3-small,50,1371,0.12788888888888889,0.03,0.12,0.09285098546505054,0.10477917620935061,0.01500511600000209,0.006721196000007694,0.02172631200000978
mongodb,w2,pdf_chunks,cs.LG,text-embedding-3-small,50,1937,0.16169047619047616,0.05,0.12,0.10596403879656247,0.1379827605734748,0.015045072000002617,0.006832519999952638,0.021877591999955256
mongodb,w2,pdf_chunks,cs.NE,text-embedding-3-small,50,1668,0.14733333333333334,0.05,0.15,0.11698473312864775,0.12858918153628335,0.015166283999997176,0.007479219999959241,0.022645503999956414
mongodb,w2,pdf_chunks,cs.SE,text-embedding-3-small,50,1956,0.08983333333333332,0.02,0.09,0.0684197324898015,0.08020119503419115,0.015103331999998774,0.0067376360000343995,0.021840968000033167
mongodb,w3,abstracts,cs.AI,text-embedding-3-large,50,7369,0.8233333333333335,0.74,0.92,0.8443251015900428,0.856943696661472,0.0184460720000061,0.3067700160000186,0.32521608800002466
mongodb,w3,abstracts,cs.CL,text-embedding-3-large,50,12418,0.5818571428571429,0.52,0.68,0.6042063725204462,0.6108730391871129,0.019063631999997596,0.07762695199999144,0.09669058399998903
mongodb,w3,abstracts,cs.CR,text-embedding-3-large,50,1523,0.935,0.88,1.0,0.9517065065186137,0.9517065065186137,0.019027855999993334,0.10671603199999481,0.12574388799998815
mongodb,w3,abstracts,cs.CV,text-embedding-3-large,50,14163,0.5894920634920635,0.5,0.68,0.6034486265732657,0.6346044562595161,0.019119157999994058,0.16283922200002052,0.18195838000001457
mongodb,w3,abstracts,cs.DB,text-embedding-3-large,50,1532,0.8561904761904762,0.78,0.96,0.8775471000030173,0.8913379104118444,0.019467649999996867,0.057101613999984695,0.07656926399998155
mongodb,w3,abstracts,cs.DC,text-embedding-3-large,50,1517,0.8833333333333334,0.84,0.92,0.8904743802857166,0.8975985240278771,0.019819704000001367,0.018504028000006657,0.03832373200000803
mongodb,w3,abstracts,cs.IR,text-embedding-3-large,50,3076,0.7115555555555556,0.6,0.86,0.7459128790390598,0.7577147754786973,0.01907039400000031,0.021262034000010317,0.04033242800001062
mongodb,w3,abstracts,cs.LG,text-embedding-3-large,50,10746,0.8793888888888888,0.84,0.94,0.89071130243224,0.9030411998812342,0.02441912199999934,0.05988568000002488,0.08430480200002421
mongodb,w3,abstracts,cs.NE,text-embedding-3-large,50,1501,0.8285238095238094,0.76,0.94,0.854052029914811,0.8607186965814777,0.01873546400000123,0.015578973999990921,0.03431443799999215
mongodb,w3,abstracts,cs.SE,text-embedding-3-large,50,2281,0.8918571428571428,0.84,0.96,0.9068249675918753,0.913491634258542,0.021844046000005616,0.017849526000009063,0.03969357200001467
mongodb,w3,pdf_chunks,cs.AI,text-embedding-3-large,50,2060,0.3544603174603175,0.2,0.54,0.3773819274184801,0.4500121487010994,0.02153997200000049,0.1054224460000205,0.12696241800002095
mongodb,w3,pdf_chunks,cs.CL,text-embedding-3-large,49,1263,0.28174603174603174,0.1836734693877551,0.42857142857142855,0.2999319396379739,0.35446583256013636,0.021170265306121722,0.01204987551026144,0.033220140816383165
mongodb,w3,pdf_chunks,cs.CR,text-embedding-3-large,50,1517,0.23334920634920636,0.1,0.38,0.24527332616880615,0.32701974945945733,0.019245858000003863,0.014814138000010644,0.034059996000014504
mongodb,w3,pdf_chunks,cs.CV,text-embedding-3-large,50,1250,0.2752380952380952,0.16,0.38,0.2745620237365662,0.35570677778731574,0.018699859999996987,0.012491288000001077,0.031191147999998066
mongodb,w3,pdf_chunks,cs.DB,text-embedding-3-large,46,1668,0.211620082815735,0.10869565217391304,0.3695652173913043,0.2363351857971963,0.2840995382001727,0.020272165217390826,0.010284043478201926,0.030556208695592738
mongodb,w3,pdf_chunks,cs.DC,text-embedding-3-large,50,1826,0.2486031746031746,0.18,0.32,0.25420637252044614,0.2933030445806487,0.020151429999996254,0.008697754000004353,0.028849184000000604
mongodb,w3,pdf_chunks,cs.IR,text-embedding-3-large,46,1271,0.23329020013802626,0.13043478260869565,0.32608695652173914,0.23718634394609506,0.30038284175699786,0.02399436521739556,0.0077006956521966895,0.03169506086959224
mongodb,w3,pdf_chunks,cs.LG,text-embedding-3-large,50,1937,0.19282539682539684,0.08,0.32,0.20163474345386675,0.27700134527494036,0.018699550000001182,0.008673951999981,0.02737350199998218
mongodb,w3,pdf_chunks,cs.NE,text-embedding-3-large,44,1468,0.2712031024531025,0.1590909090909091,0.4318181818181818,0.2968957525668691,0.34099572351887775,0.020604377272723635,0.007608620454541117,0.028212997727264745
mongodb,w3,pdf_chunks,cs.SE,text-embedding-3-large,45,1856,0.18197530864197534,0.1111111111111111,0.28888888888888886,0.195773605222804,0.2375127554078113,0.02024653111111548,0.00745960000002823,0.027706131111143707
pgvector,w1,abstracts,cs.AI,intfloat/e5-base-v2,50,7369,0.5822222222222222,0.54,0.62,0.5878557852142875,0.6010005288697275,0.09624950600001739,0.2980587799999921,0.3943082860000095
pgvector,w1,abstracts,cs.CL,intfloat/e5-base-v2,50,12418,0.5806666666666667,0.52,0.66,0.6008300315018366,0.6008300315018366,0.07001575400002821,0.15878886200001033,0.22880461600003854
pgvector,w1,abstracts,cs.CR,intfloat/e5-base-v2,50,1523,0.5913333333333334,0.54,0.68,0.6079383647551757,0.6221866522394965,0.0641528579999931,0.07705482000001211,0.14120767800000522
pgvector,w1,abstracts,cs.CV,intfloat/e5-base-v2,50,14163,0.5766666666666667,0.52,0.66,0.5978557852142875,0.5978557852142875,0.07833752800001094,0.09514749800001937,0.1734850260000303
pgvector,w1,abstracts,cs.DB,intfloat/e5-base-v2,50,1532,0.6478571428571428,0.6,0.7,0.6564693163757553,0.6702601267845825,0.06441749200000231,0.06778399800000443,0.13220149000000675
pgvector,w1,abstracts,cs.DC,intfloat/e5-base-v2,50,1517,0.6633333333333333,0.62,0.72,0.6778557852142875,0.6778557852142875,0.07473968600001171,0.0660784920000151,0.14081817800002683
pgvector,w1,abstracts,cs.IR,intfloat/e5-base-v2,50,3076,0.385,0.34,0.44,0.3990879114471845,0.3990879114471845,0.06044381799999428,0.06924944799999594,0.1296932659999902
pgvector,w1,abstracts,cs.LG,intfloat/e5-base-v2,50,10746,0.5241666666666667,0.5,0.56,0.5312321262328971,0.5375414237686116,0.06612512599998809,0.06475195800001074,0.13087708399999884
pgvector,w1,abstracts,cs.NE,intfloat/e5-base-v2,50,1501,0.5616666666666666,0.5,0.64,0.5817065065186137,0.5817065065186137,0.07226020600000993,0.06630749399999786,0.1385677000000078
pgvector,w1,abstracts,cs.SE,intfloat/e5-base-v2,50,2281,0.4462222222222222,0.42,0.5,0.4577370561446908,0.4637576560579704,0.05840927600000214,0.06397242599998662,0.12238170199998877
pgvector,w1,pdf_chunks,cs.AI,intfloat/e5-base-v2,50,2060,0.5692698412698413,0.46,0.7,0.5934486265732657,0.6243651528725942,0.06833524200000739,0.07896031199999015,0.14729555399999752
pgvector,w1,pdf_chunks,cs.CL,intfloat/e5-base-v2,50,1363,0.588968253968254,0.48,0.76,0.6217890860595019,0.6534023928212459,0.07419399800000065,0.059454516000005245,0.13364851400000588
pgvector,w1,pdf_chunks,cs.CR,intfloat/e5-base-v2,50,1517,0.6096666666666667,0.5,0.82,0.6572631983488836,0.6701686386174017,0.06448291400001835,0.05424285400001281,0.11872576800003116
pgvector,w1,pdf_chunks,cs.CV,intfloat/e5-base-v2,50,1250,0.6348333333333332,0.48,0.82,0.6777737281633085,0.6912071694411835,0.07932734200000596,0.0568428859999949,0.13617022800000086
pgvector,w1,pdf_chunks,cs.DB,intfloat/e5-base-v2,50,1768,0.6864444444444444,0.62,0.76,0.6977014426086524,0.7226480827037298,0.06775402799998119,0.05254068599997026,0.12029471399995145
pgvector,w1,pdf_chunks,cs.DC,intfloat/e5-base-v2,50,1826,0.6335238095238096,0.5,0.84,0.6831399413619955,0.6898066080286621,0.0655451340000036,0.053625685999995766,0.11917081999999937
pgvector,w1,pdf_chunks,cs.IR,intfloat/e5-base-v2,50,1371,0.5697142857142857,0.48,0.68,0.5854384987533432,0.6201442633131578,0.08312022399998568,0.05720103600002403,0.14032126000000972
pgvector,w1,pdf_chunks,cs.LG,intfloat/e5-base-v2,50,1937,0.5712222222222222,0.46,0.74,0.6092892200576694,0.6224339637131093,0.07264761600002202,0.05345749400000386,0.1261051100000259
pgvector,w1,pdf_chunks,cs.NE,intfloat/e5-base-v2,50,1668,0.5897142857142856,0.46,0.74,0.6211500691819181,0.6416075462574119,0.07632339200004026,0.052982564000012645,0.1293059560000529
pgvector,w1,pdf_chunks,cs.SE,intfloat/e5-base-v2,49,1956,0.544185293164885,0.40816326530612246,0.7755102040816326,0.5904588440687915,0.6240875726173086,0.06484042244891479,0.0525918367346892,0.11743225918360399
pgvector,w2,abstracts,cs.AI,text-embedding-3-small,50,7369,0.6311904761904762,0.29,0.45,0.46424133449888855,0.48093380799573027,0.12073014000000513,0.21335141599998678,0.33408155599999195
pgvector,w2,abstracts,cs.CL,text-embedding-3-small,50,12418,0.7340000000000001,0.33,0.53,0.5428538168266198,0.5586615464176099,0.04793488999999682,0.21339456599997902,0.2613294559999758
pgvector,w2,abstracts,cs.CR,text-embedding-3-small,50,1523,0.7885238095238094,0.36,0.65,0.6417856408056495,0.6583011001657372,0.015730015999997703,0.1400523239999984,0.1557823399999961
pgvector,w2,abstracts,cs.CV,text-embedding-3-small,50,14163,0.6798333333333333,0.32,0.48,0.4972815894346776,0.5096059141951561,0.04028369999999995,0.1842725039999914,0.22455620399999135
pgvector,w2,abstracts,cs.DB,text-embedding-3-small,50,1532,0.88,0.41,0.72,0.7234858597580549,0.744369467854506,0.015826372000001355,0.12363486999996894,0.1394612419999703
pgvector,w2,abstracts,cs.DC,text-embedding-3-small,50,1517,0.8045555555555555,0.38,0.7,0.6795698499968246,0.6943661916760336,0.020939462000005727,0.09695097399998304,0.11789043599998877
pgvector,w2,abstracts,cs.IR,text-embedding-3-small,50,3076,0.5773333333333334,0.27,0.39,0.4128285001197821,0.4247566908640822,0.0156720039999982,0.12623647000001256,0.14190847400001075
pgvector,w2,abstracts,cs.LG,text-embedding-3-small,50,10746,0.7175555555555556,0.34,0.53,0.5534605430512173,0.5764935615391351,0.02277750399999604,0.13864437199999885,0.1614218759999949
pgvector,w2,abstracts,cs.NE,text-embedding-3-small,50,1501,0.7343333333333334,0.35,0.5,0.5349933288725307,0.551362060032708,0.015564053999996757,0.07509778600001482,0.09066184000001158
pgvector,w2,abstracts,cs.SE,text-embedding-3-small,50,2281,0.7083888888888887,0.32,0.62,0.5923417253373917,0.6158743644893273,0.015530462000006082,0.0976792419999947,0.11320970400000079
pgvector,w2,pdf_chunks,cs.AI,text-embedding-3-small,100,2060,0.4930476190476191,0.18,0.41,0.3648955341331913,0.40591291481432534,0.013257418000002878,0.09451858600002652,0.10777600400002939
pgvector,w2,pdf_chunks,cs.CL,text-embedding-3-small,100,1363,0.5332698412698412,0.2,0.45,0.3971144766668067,0.4486021560334567,0.009420737000000371,0.05970559900001263,0.06912633600001299
pgvector,w2,pdf_chunks,cs.CR,text-embedding-3-small,50,1517,0.29869047619047623,0.11,0.23,0.21630869715469855,0.24460561905917586,0.02978394600000684,0.07998943200000212,0.10977337800000896
pgvector,w2,pdf_chunks,cs.CV,text-embedding-3-small,50,1250,0.3181825396825397,0.13,0.23,0.2175439776643601,0.2653109929679759,0.016427944000006387,0.05930007999996633,0.07572802399997271
pgvector,w2,pdf_chunks,cs.DB,text-embedding-3-small,50,1768,0.27923809523809523,0.08,0.25,0.20428565618380343,0.2372854799356531,0.015250385999997888,0.07307895399998415,0.08832933999998208
pgvector,w2,pdf_chunks,cs.DC,text-embedding-3-small,50,1826,0.20933333333333334,0.08,0.15,0.14284750509785926,0.16318825097822143,0.020358452000000398,0.06011497399998916,0.08047342599998956
pgvector,w2,pdf_chunks,cs.IR,text-embedding-3-small,50,1371,0.12788888888888889,0.03,0.12,0.09285098546505054,0.10499829608877491,0.015456312000005714,0.06051255400002446,0.0759688660000302
pgvector,w2,pdf_chunks,cs.LG,text-embedding-3-small,50,1937,0.14169047619047617,0.04,0.11,0.0937010949412533,0.12571981671816562,0.01987898000000314,0.05913041600000724,0.07900939600001039
pgvector,w2,pdf_chunks,cs.NE,text-embedding-3-small,50,1668,0.14733333333333334,0.05,0.15,0.11698473312864775,0.12489766760069199,0.015363595999997412,0.057877200000048104,0.07324079600004552
pgvector,w2,pdf_chunks,cs.SE,text-embedding-3-small,50,1956,0.08649999999999998,0.02,0.09,0.06681414827276524,0.07859561081715491,0.015367277999994258,0.061777632000057564,0.07714491000005182
pgvector,w3,abstracts,cs.AI,text-embedding-3-large,50,7369,0.8236904761904762,0.74,0.92,0.8443251015900428,0.857301065792424,0.022113393999998156,0.20067904199999248,0.22279243599999063
pgvector,w3,abstracts,cs.CL,text-embedding-3-large,50,12418,0.5818571428571429,0.52,0.68,0.6042063725204462,0.6108730391871129,0.02697782999999617,0.11532907799998611,0.14230690799998227
pgvector,w3,abstracts,cs.CR,text-embedding-3-large,50,1523,0.935,0.88,1.0,0.9517065065186137,0.9517065065186137,0.022740103999994977,0.14940971599998193,0.1721498199999769
pgvector,w3,abstracts,cs.CV,text-embedding-3-large,50,14163,0.5894920634920635,0.5,0.68,0.6034486265732657,0.6346044562595161,0.023362704000001035,0.1971822599999905,0.22054496399999152
pgvector,w3,abstracts,cs.DB,text-embedding-3-large,50,1532,0.8561904761904762,0.78,0.96,0.8775471000030173,0.8913379104118444,0.01866552600000432,0.17562572400003773,0.19429125000004213
pgvector,w3,abstracts,cs.DC,text-embedding-3-large,50,1517,0.8833333333333334,0.84,0.92,0.8904743802857166,0.8975985240278771,0.018760048000003735,0.1185647219999737,0.13732476999997745
pgvector,w3,abstracts,cs.IR,text-embedding-3-large,50,3076,0.7115555555555556,0.6,0.86,0.7459128790390598,0.7577147754786973,0.03420619000000442,0.1256994400000167,0.15990563000002112
pgvector,w3,abstracts,cs.LG,text-embedding-3-large,50,10746,0.8793888888888888,0.84,0.94,0.89071130243224,0.9030411998812342,0.04188140799999927,0.23345459399999527,0.27533600199999453
pgvector,w3,abstracts,cs.NE,text-embedding-3-large,50,1501,0.8285238095238094,0.76,0.94,0.854052029914811,0.8607186965814777,0.03025643599999967,0.10558173599996735,0.135838171999967
pgvector,w3,abstracts,cs.SE,text-embedding-3-large,50,2281,0.8718571428571429,0.82,0.94,0.8868249675918753,0.8934916342585421,0.019898435999994038,0.10422745400001986,0.1241258900000139
pgvector,w3,pdf_chunks,cs.AI,text-embedding-3-large,50,2060,0.3544603174603175,0.2,0.54,0.3773819274184801,0.4500121487010994,0.028679823999991645,0.15266552400002184,0.18134534800001353
pgvector,w3,pdf_chunks,cs.CL,text-embedding-3-large,49,1263,0.28174603174603174,0.1836734693877551,0.42857142857142855,0.2999319396379739,0.35446583256013636,0.02235066530612334,0.06727708979593555,0.08962775510205892
pgvector,w3,pdf_chunks,cs.CR,text-embedding-3-large,50,1517,0.233984126984127,0.1,0.38,0.24527332616880615,0.32766581621284446,0.019083174000006694,0.08510752400001366,0.10419069800002034
pgvector,w3,pdf_chunks,cs.CV,text-embedding-3-large,50,1250,0.2752380952380952,0.16,0.38,0.2745620237365662,0.35570677778731574,0.019187618000005388,0.05297145399999863,0.07215907200000402
pgvector,w3,pdf_chunks,cs.DB,text-embedding-3-large,46,1668,0.21252587991718425,0.10869565217391304,0.3695652173913043,0.2363351857971963,0.28498524059848346,0.02047412608695872,0.041384071739111794,0.06185819782607051
pgvector,w3,pdf_chunks,cs.DC,text-embedding-3-large,50,1826,0.2486031746031746,0.18,0.32,0.25420637252044614,0.2933030445806487,0.022930227999995622,0.05916601400000218,0.08209624199999781
pgvector,w3,pdf_chunks,cs.IR,text-embedding-3-large,46,1271,0.23329020013802626,0.13043478260869565,0.32608695652173914,0.23718634394609506,0.30038284175699786,0.021355913043476976,0.050893410869588006,0.07224932391306499
pgvector,w3,pdf_chunks,cs.LG,text-embedding-3-large,50,1937,0.19282539682539684,0.08,0.32,0.20163474345386675,0.27700134527494036,0.019325695999996242,0.04547201600000335,0.06479771199999958
pgvector,w3,pdf_chunks,cs.NE,text-embedding-3-large,44,1468,0.27426948051948047,0.1590909090909091,0.4318181818181818,0.2968957525668691,0.3483571746424839,0.021405004545447977,0.04112810681817791,0.0625331113636259
pgvector,w3,pdf_chunks,cs.SE,text-embedding-3-large,45,1856,0.17975308641975307,0.1111111111111111,0.28888888888888886,0.195773605222804,0.23108909260074711,0.021502280000004242,0.0405152844444577,0.062017564444461964
qdrant,w1,abstracts,cs.AI,intfloat/e5-base-v2,50,7369,0.662,0.62,0.7,0.6678557852142875,0.6807612254828057,0.06435704600000464,0.03782414400000562,0.10218119000001025
qdrant,w1,abstracts,cs.CL,intfloat/e5-base-v2,50,12418,0.6806666666666666,0.62,0.76,0.7008300315018365,0.7008300315018365,0.06974084999998922,0.011946936000022106,0.08168778600001132
qdrant,w1,abstracts,cs.CR,intfloat/e5-base-v2,50,1523,0.714,0.66,0.82,0.7356754208998665,0.7485808611683846,0.06268794199995682,0.011433262000000468,0.0741212039999573
qdrant,w1,abstracts,cs.CV,intfloat/e5-base-v2,50,14163,0.59,0.52,0.68,0.6104743802857167,0.6175985240278771,0.07318554200001927,0.013411061999995581,0.08659660400001484
qdrant,w1,abstracts,cs.DB,intfloat/e5-base-v2,50,1532,0.7770238095238095,0.72,0.84,0.7890879114471845,0.8020638756495657,0.07082553999994161,0.012957316000001811,0.08378285599994342
qdrant,w1,abstracts,cs.DC,intfloat/e5-base-v2,50,1517,0.7161904761904762,0.66,0.78,0.7304743802857167,0.7371410469523831,0.0751885360000233,0.012302766000011615,0.08749130200003492
qdrant,w1,abstracts,cs.IR,intfloat/e5-base-v2,50,3076,0.5358333333333333,0.46,0.62,0.5529386327515107,0.5663720740293857,0.06378542399998878,0.012170404000034978,0.07595582800002376
qdrant,w1,abstracts,cs.LG,intfloat/e5-base-v2,50,10746,0.6038888888888888,0.56,0.66,0.6138507213043262,0.6269954649597662,0.07694836599996961,0.01379490799998166,0.09074327399995127
qdrant,w1,abstracts,cs.NE,intfloat/e5-base-v2,50,1501,0.6308333333333332,0.56,0.72,0.6517065065186136,0.6580158040543281,0.08074087999995755,0.012948794000030829,0.09368967399998837
qdrant,w1,abstracts,cs.SE,intfloat/e5-base-v2,50,2281,0.6400555555555556,0.6,0.68,0.6426185950714292,0.6678539327889417,0.0615528280000035,0.013496169999980339,0.07504899799998384
qdrant,w1,pdf_chunks,cs.AI,intfloat/e5-base-v2,50,2060,0.6126349206349206,0.5,0.76,0.6411856827179565,0.6714561422638979,0.07157251799997538,0.016412770000024467,0.08798528799999986
qdrant,w1,pdf_chunks,cs.CL,intfloat/e5-base-v2,50,1363,0.5863015873015873,0.48,0.76,0.6195261422041927,0.6511394489659368,0.07884188200002427,0.01214212399999269,0.09098400600001696
qdrant,w1,pdf_chunks,cs.CR,intfloat/e5-base-v2,50,1517,0.6296666666666667,0.52,0.84,0.6772631983488836,0.6901686386174017,0.0695528799999829,0.01216831399999137,0.08172119399997428
qdrant,w1,pdf_chunks,cs.CV,intfloat/e5-base-v2,50,1250,0.6548333333333334,0.5,0.84,0.6977737281633085,0.7112071694411836,0.07234445400002187,0.0152576940000381,0.08760214800005997
qdrant,w1,pdf_chunks,cs.DB,intfloat/e5-base-v2,50,1768,0.7064444444444444,0.64,0.78,0.7177014426086523,0.7426480827037298,0.07784051200003887,0.014124181999995926,0.09196469400003479
qdrant,w1,pdf_chunks,cs.DC,intfloat/e5-base-v2,50,1826,0.6335238095238096,0.5,0.84,0.6831399413619955,0.6898066080286621,0.06630834200002937,0.013134381999998368,0.07944272400002773
qdrant,w1,pdf_chunks,cs.IR,intfloat/e5-base-v2,50,1371,0.5692380952380952,0.46,0.7,0.5906756888962015,0.6249239763805223,0.07362603200000194,0.013165934000007838,0.08679196600000978
qdrant,w1,pdf_chunks,cs.LG,intfloat/e5-base-v2,50,1937,0.589,0.48,0.76,0.6292892200576694,0.6364133637998297,0.09061379999997371,0.0143685540000115,0.1049823539999852
qdrant,w1,pdf_chunks,cs.NE,intfloat/e5-base-v2,50,1668,0.5897142857142856,0.46,0.74,0.6211500691819181,0.6416075462574119,0.06682796200001576,0.017438211999997292,0.08426617400001306
qdrant,w1,pdf_chunks,cs.SE,intfloat/e5-base-v2,49,1956,0.5431648850016196,0.40816326530612246,0.7755102040816326,0.5895644818067741,0.6231932103552913,0.06955562653063085,0.016765432653069092,0.08632105918369995
qdrant,w2,abstracts,cs.AI,text-embedding-3-small,50,7369,0.6845238095238095,0.32,0.52,0.5271616379924705,0.5482222602256757,0.02806378000000223,0.0709055420000277,0.09896932200002989
qdrant,w2,abstracts,cs.CL,text-embedding-3-small,50,12418,0.7595555555555555,0.34,0.58,0.5811535978742143,0.6125810321450958,0.022010609999997537,0.017676426000052745,0.03968703600005028
qdrant,w2,abstracts,cs.CR,text-embedding-3-small,50,1523,0.7885238095238094,0.36,0.69,0.6656794855848327,0.6857397306806012,0.026431812000009814,0.017616910000069767,0.04404872200007959
qdrant,w2,abstracts,cs.CV,text-embedding-3-small,50,14163,0.7565,0.36,0.57,0.579351783452057,0.5994552700998965,0.019551552000011727,0.014223101999996289,0.03377465400000802
qdrant,w2,abstracts,cs.DB,text-embedding-3-small,50,1532,0.8795238095238095,0.41,0.75,0.7426357502818522,0.7632388575937096,0.015954603999998655,0.019178933999992296,0.03513353799999095
qdrant,w2,abstracts,cs.DC,text-embedding-3-small,50,1517,0.8045555555555555,0.38,0.72,0.6934383780691701,0.71177950548406,0.0217492780000066,0.020050543999968796,0.0417998219999754
qdrant,w2,abstracts,cs.IR,text-embedding-3-small,50,3076,0.638,0.3,0.46,0.47587223542276247,0.49603710297577125,0.021929982000001468,0.012316950000003999,0.03424693200000546
qdrant,w2,abstracts,cs.LG,text-embedding-3-small,50,10746,0.7108888888888889,0.33,0.56,0.5688400206052296,0.5955645530287389,0.021059684000010747,0.016052696000024298,0.03711238000003505
qdrant,w2,abstracts,cs.NE,text-embedding-3-small,50,1501,0.7663888888888889,0.36,0.56,0.5859415534512941,0.6150618383564537,0.01674330400001054,0.01436109199996281,0.031104395999973344
qdrant,w2,abstracts,cs.SE,text-embedding-3-small,50,2281,0.7407698412698411,0.34,0.67,0.6365549117678733,0.6679823460387547,0.025654357999992505,0.018818539999974748,0.044472897999967245
qdrant,w2,pdf_chunks,cs.AI,text-embedding-3-small,100,2060,0.4830476190476191,0.17,0.4,0.35508828397112113,0.4000162984672708,0.009517429999996243,0.025198159999918063,0.0347155899999143
qdrant,w2,pdf_chunks,cs.CL,text-embedding-3-small,100,1363,0.5338412698412698,0.2,0.455,0.39948645379449965,0.44893030918526483,0.009867316999998363,0.01789377300002343,0.027761090000021808
qdrant,w2,pdf_chunks,cs.CR,text-embedding-3-small,50,1517,0.2970238095238095,0.11,0.22,0.21102733470324672,0.24341190455949377,0.01566267800000787,0.01525770599999305,0.03092038400000092
qdrant,w2,pdf_chunks,cs.CV,text-embedding-3-small,50,1250,0.3281825396825397,0.13,0.24,0.22528103380905093,0.2730480491126667,0.016369177999986276,0.015823614000037196,0.03219279200002347
qdrant,w2,pdf_chunks,cs.DB,text-embedding-3-small,50,1768,0.27923809523809523,0.08,0.25,0.20428565618380343,0.2372854799356531,0.016762790000011588,0.019087105999988127,0.03584989599999971
qdrant,w2,pdf_chunks,cs.DC,text-embedding-3-small,50,1826,0.20933333333333334,0.08,0.15,0.14284750509785926,0.16318825097822143,0.015812471999997798,0.015876141999979155,0.03168861399997695
qdrant,w2,pdf_chunks,cs.IR,text-embedding-3-small,50,1371,0.13052380952380951,0.03,0.12,0.09285098546505054,0.1087200959612099,0.017181092000009814,0.01736433999998553,0.03454543199999534
qdrant,w2,pdf_chunks,cs.LG,text-embedding-3-small,50,1937,0.16169047619047616,0.05,0.12,0.10596403879656247,0.1379827605734748,0.015959406000001765,0.020045258000063768,0.03600466400006553
qdrant,w2,pdf_chunks,cs.NE,text-embedding-3-small,50,1668,0.14733333333333334,0.05,0.15,0.11698473312864775,0.12858918153628335,0.01598672399999487,0.014782331999940652,0.030769055999935523
qdrant,w2,pdf_chunks,cs.SE,text-embedding-3-small,50,1956,0.08649999999999998,0.02,0.09,0.06681414827276524,0.07859561081715491,0.015361685999996553,0.012236243999905128,0.027597929999901676
qdrant,w3,abstracts,cs.AI,text-embedding-3-large,50,7369,0.8233333333333335,0.74,0.92,0.8443251015900428,0.856943696661472,0.020225332000009075,0.022327150000055553,0.04255248200006464
qdrant,w3,abstracts,cs.CL,text-embedding-3-large,50,12418,0.5818571428571429,0.52,0.68,0.6042063725204462,0.6108730391871129,0.02430825400000685,0.0260232060000817,0.050331460000088556
qdrant,w3,abstracts,cs.CR,text-embedding-3-large,50,1523,0.895,0.84,0.96,0.9117065065186136,0.9117065065186136,0.02899220200000855,0.06800999000002776,0.09700219200003629
qdrant,w3,abstracts,cs.CV,text-embedding-3-large,50,14163,0.5892698412698413,0.5,0.68,0.6034486265732657,0.6343651528725941,0.026389265999987397,0.023743304000017815,0.05013257000000522
qdrant,w3,abstracts,cs.DB,text-embedding-3-large,50,1532,0.8561904761904762,0.78,0.96,0.8775471000030173,0.8913379104118444,0.01969881199998781,0.07933407199998328,0.0990328839999711
qdrant,w3,abstracts,cs.DC,text-embedding-3-large,50,1517,0.8833333333333334,0.84,0.92,0.8904743802857166,0.8975985240278771,0.018850818000009893,0.02311665000001085,0.04196746800002074
qdrant,w3,abstracts,cs.IR,text-embedding-3-large,50,3076,0.7115555555555556,0.6,0.86,0.7459128790390598,0.7577147754786973,0.029171213999998148,0.02440556800005652,0.05357678200005465
qdrant,w3,abstracts,cs.LG,text-embedding-3-large,50,10746,0.8793888888888888,0.84,0.94,0.89071130243224,0.9030411998812342,0.06302027400000954,0.02516741799994634,0.08818769199995584
qdrant,w3,abstracts,cs.NE,text-embedding-3-large,50,1501,0.8285238095238094,0.76,0.94,0.854052029914811,0.8607186965814777,0.023911604000004444,0.02390667999996367,0.04781828399996812
qdrant,w3,abstracts,cs.SE,text-embedding-3-large,50,2281,0.8823333333333333,0.84,0.94,0.8942063725204461,0.9013305162626066,0.048448280000011425,0.03227406799991513,0.08072234799992657
qdrant,w3,pdf_chunks,cs.AI,text-embedding-3-large,50,2060,0.3544603174603175,0.2,0.54,0.3773819274184801,0.4500121487010994,0.04146943799998553,0.057939262000036254,0.0994087000000218
qdrant,w3,pdf_chunks,cs.CL,text-embedding-3-large,49,1263,0.28174603174603174,0.1836734693877551,0.42857142857142855,0.2999319396379739,0.35446583256013636,0.01949790000000984,0.019283118367360547,0.038781018367370385
qdrant,w3,pdf_chunks,cs.CR,text-embedding-3-large,50,1517,0.23334920634920636,0.1,0.38,0.24527332616880615,0.32701974945945733,0.035905719999991564,0.022037641999959307,0.057943361999950885
qdrant,w3,pdf_chunks,cs.CV,text-embedding-3-large,50,1250,0.2752380952380952,0.16,0.38,0.2745620237365662,0.35570677778731574,0.029451564000009967,0.024671931999982917,0.054123495999992895
qdrant,w3,pdf_chunks,cs.DB,text-embedding-3-large,46,1668,0.211620082815735,0.10869565217391304,0.3695652173913043,0.2363351857971963,0.2840995382001727,0.022459593478268525,0.023342397826107354,0.04580199130437587
qdrant,w3,pdf_chunks,cs.DC,text-embedding-3-large,50,1826,0.2486031746031746,0.18,0.32,0.25420637252044614,0.2933030445806487,0.049972422000009835,0.017153870000074675,0.06712629200008452
qdrant,w3,pdf_chunks,cs.IR,text-embedding-3-large,46,1271,0.23329020013802626,0.13043478260869565,0.32608695652173914,0.23718634394609506,0.30038284175699786,0.05899788695652482,0.01537220217395098,0.0743700891304758
qdrant,w3,pdf_chunks,cs.LG,text-embedding-3-large,50,1937,0.19282539682539684,0.08,0.32,0.20163474345386675,0.27700134527494036,0.019006081999996236,0.020013253999968582,0.03901933599996482
qdrant,w3,pdf_chunks,cs.NE,text-embedding-3-large,44,1468,0.2712031024531025,0.1590909090909091,0.4318181818181818,0.2968957525668691,0.34099572351887775,0.022472568181828217,0.015116013636357324,0.03758858181818555
qdrant,w3,pdf_chunks,cs.SE,text-embedding-3-large,45,1856,0.17975308641975307,0.1111111111111111,0.28888888888888886,0.195773605222804,0.23108909260074711,0.06394814444445528,0.021005446666681058,0.08495359111113635
