database,workload,content_type,model,n_queries,mrr,recall@1,recall@5,ndcg@5,ndcg@10,mean_embedding_time_sec,mean_db_query_time_sec,mean_total_time_sec
mongodb,w1,abstracts,intfloat/e5-base-v2,500,0.601452381,0.552,0.666,0.614682655,0.624841397,0.083918682,0.015176855,0.099095537
pgvector,w1,abstracts,intfloat/e5-base-v2,500,0.492246825,0.452,0.548,0.504809429,0.509448388,0.068549219,0.10751559,0.176064808
qdrant,w1,abstracts,intfloat/e5-base-v2,500,0.602263492,0.55,0.672,0.617329586,0.626039569,0.070323953,0.013036132,0.083360085
mongodb,w2,abstracts,text-embedding-3-small,500,0.715059524,0.329,0.56,0.561649961,0.585780994,0.039909262,0.022372726,0.062281988
pgvector,w2,abstracts,text-embedding-3-small,500,0.676088095,0.31,0.508,0.515938481,0.531557523,0.037512549,0.162056265,0.199568814
qdrant,w2,abstracts,text-embedding-3-small,500,0.713859524,0.328,0.565,0.564039346,0.589467446,0.038401196,0.019339558,0.057740754
mongodb,w3,abstracts,text-embedding-3-large,500,0.744106349,0.686,0.818,0.76058324,0.768145627,0.045729247,0.054512169,0.100241417
pgvector,w3,abstracts,text-embedding-3-large,500,0.734542063,0.672,0.814,0.751742018,0.761314415,0.053331678,0.124047418,0.177379096
qdrant,w3,abstracts,text-embedding-3-large,500,0.748939683,0.69,0.824,0.765706453,0.773268839,0.038004046,0.022538367,0.060542413
mongodb,w1,pdf_chunks,intfloat/e5-base-v2,499,0.625798422,0.509018036,0.793587174,0.661270879,0.681697231,0.083635377,0.006660378,0.090295755
pgvector,w1,pdf_chunks,intfloat/e5-base-v2,499,0.599865604,0.48496994,0.763527054,0.633832012,0.656051066,0.080126124,0.064683941,0.144810065
qdrant,w1,pdf_chunks,intfloat/e5-base-v2,499,0.626778159,0.509018036,0.795591182,0.662535267,0.682937641,0.076264909,0.012622671,0.08888758
mongodb,w2,pdf_chunks,text-embedding-3-small,500,0.267430952,0.093,0.223,0.194314742,0.224009463,0.028736327,0.013228497,0.041964824
pgvector,w2,pdf_chunks,text-embedding-3-small,500,0.263495238,0.092,0.219,0.19124967,0.219811997,0.032345632,0.093379714,0.125725346
qdrant,w2,pdf_chunks,text-embedding-3-small,500,0.267545238,0.093,0.224,0.194789137,0.224057393,0.030878742,0.019269958,0.0501487
mongodb,w3,pdf_chunks,text-embedding-3-large,480,0.247223049,0.139583333,0.377083333,0.260517967,0.321130996,0.038546509,0.019243237,0.057789746
pgvector,w3,pdf_chunks,text-embedding-3-large,480,0.249300595,0.141666667,0.379166667,0.2626013,0.322811943,0.037455226,0.069141632,0.106596858
qdrant,w3,pdf_chunks,text-embedding-3-large,480,0.246702216,0.139583333,0.377083333,0.260426668,0.31983526,0.038759226,0.019644866,0.058404092
